"state","district","party","gender","nameid","icpsr.id","missingVotes","idealPoint","lo","up","label","indx","firstnm","lastnm"
"NY","7","D","F","V000081","29378",7,-2.28923818822379,-3.03758007622435,-1.6174391461383,"Vel<U+00E1>zquez (D NY-7)",1,"Nydia","Velázquez"
"CA","13","D","F","L000551","29778",68,-2.27902027211852,-3.14337524161605,-1.38243709134139,"Lee (D CA-13)",2,"Barbara","Lee"
"GA","5","D","M","L000287","15431",45,-2.15271656427845,-2.99505979866794,-1.43967026575696,"Lewis (D GA-5)",3,"John","Lewis"
"MN","5","D","M","E000288","20727",14,-2.11095460313434,-2.9677743152046,-1.28493246095675,"Ellison (D MN-5)",4,"Keith","Ellison"
"MI","13","D","M","C000714","10713",17,-1.99347163915145,-2.5882598798678,-1.3578771194234,"Conyers Jr. (D MI-13)",5,"John","Conyers Jr."
"CA","20","D","M","F000030","29313",5,-1.98100722276876,-2.84928850540114,-1.24666052827741,"Farr (D CA-20)",6,"Sam","Farr"
"WI","2","D","M","P000607","21370",9,-1.95837101196135,-2.64641235736018,-1.36299722313829,"Pocan (D WI-2)",7,"Mark","Pocan"
"IL","9","D","F","S001145","29911",6,-1.95669857377802,-2.5527964432471,-1.30008039216238,"Schakowsky (D IL-9)",8,"Jan","Schakowsky"
"NY","10","D","M","N000002","29377",11,-1.90591854494677,-2.48884157957264,-1.18605117586065,"Nadler (D NY-10)",9,"Jerrold","Nadler"
"VT","1","D","M","W000800","20750",18,-1.87610842528335,-2.52161621544878,-1.25565427947932,"Welch (D VT-1)",10,"Peter","Welch"
"MA","2","D","M","M000312","29729",3,-1.83584727795925,-2.47681050508575,-1.22331135891358,"McGovern (D MA-2)",11,"Jim","McGovern"
"CA","43","D","F","W000187","29106",36,-1.82458843321681,-2.42260980443069,-1.20214652404894,"Waters (D CA-43)",12,"Maxine","Waters"
"CA","27","D","F","C001080","20955",24,-1.79723462657011,-2.33382151682016,-1.21359365900805,"Chu (D CA-27)",13,"Judy","Chu"
"NY","9","D","F","C001067","20733",11,-1.77832396524418,-2.41516368116926,-1.19091181193633,"Clarke (D NY-9)",14,"Yvette","Clarke"
"NY","15","D","M","S000248","29134",2,-1.74936365884474,-2.4259831393704,-1.2239612092238,"Serrano (D NY-15)",15,"José","Serrano"
"MD","3","D","M","S001168","20724",9,-1.72704839032412,-2.30764827997683,-1.16941560703834,"Sarbanes (D MD-3)",16,"John","Sarbanes"
"CA","17","D","M","H001034","20103",8,-1.71725732784119,-2.35091976250602,-1.12987803110939,"Honda (D CA-17)",17,"Michael","Honda"
"MD","4","D","F","E000290","20763",15,-1.69794328695827,-2.36419128525104,-1.15276800359954,"Edwards (D MD-4)",18,"Donna","Edwards"
"OH","11","D","F","F000455","20941",7,-1.66677621191005,-2.25653313233193,-1.09583899389749,"Fudge (D OH-11)",19,"Marcia","Fudge"
"CA","11","D","M","D000623","",3,-1.65276698239862,-2.2104611797326,-1.16739949078136,"DeSaulnier (D CA-11)",20,"Mark","DeSaulnier"
"CA","2","D","M","H001068","21303",8,-1.64054174297515,-2.15168147121687,-1.12099547350169,"Huffman (D CA-2)",21,"Jared","Huffman"
"IL","4","D","M","G000535","29348",53,-1.59177027703346,-2.15867423563218,-1.09601611624745,"Gutierrez (D IL-4)",22,"Luis","Gutierrez"
"MD","7","D","M","C000984","29587",22,-1.57966347104515,-2.14216163533124,-1.05660316932351,"Cummings (D MD-7)",23,"Elijah","Cummings"
"NY","8","D","M","J000294","21343",7,-1.57155622531405,-2.0941960114111,-1.14350228426227,"Jeffries (D NY-8)",24,"Hakeem","Jeffries"
"ME","1","D","F","P000597","20920",5,-1.55162444162735,-2.0445262634599,-1.09007865322406,"Pingree (D ME-1)",25,"Chellie","Pingree"
"MA","5","D","F","C001101","",5,-1.51668372837208,-1.96633387456536,-1.10873655222059,"Clark (D MA-5)",26,"Katherine","Clark"
"CA","38","D","F","S001156","20310",14,-1.51318219292849,-2.0174213570614,-1.02426875038216,"Sanchez (D CA-38)",27,"Linda","Sanchez"
"NY","14","D","M","C001038","29925",24,-1.50195350028483,-2.00168952253535,-1.05383925072689,"Crowley (D NY-14)",28,"Joseph","Crowley"
"NC","12","D","F","A000370","",39,-1.49060482663537,-2.02756298466789,-1.07275220072267,"Adams (D NC-12)",29,"Alma","Adams"
"CA","40","D","F","R000486","29317",8,-1.48268005683298,-1.96048454737182,-1.10801298433114,"Roybal-Allard (D CA-40)",30,"Lucille","Roybal-Allard"
"AZ","7","D","M","G000574","",11,-1.48221395768709,-1.93441138101683,-1.05361751148562,"Gallego (D AZ-7)",31,"Ruben","Gallego"
"NJ","12","D","F","W000822","",5,-1.45594547363418,-1.8695022537157,-1.08193577795155,"Watson Coleman (D NJ-12)",32,"Bonnie","Watson Coleman"
"PA","2","D","M","F000043","29559",8,-1.45075850697933,-1.86842723790291,-1.05607443271253,"Fattah (D PA-2)",33,"Chaka","Fattah"
"NJ","6","D","M","P000034","15454",10,-1.42407070385751,-1.86141766450921,-1.047001046395,"Pallone (D NJ-6)",34,"Frank","Pallone"
"AZ","3","D","M","G000551","20305",30,-1.38865668347263,-1.78685914665006,-1.0447901745291,"Grijalva (D AZ-3)",35,"Raúl","Grijalva"
"WA","7","D","M","M000404","15613",9,-1.38815851312052,-1.77825309065669,-1.01046110632021,"McDermott (D WA-7)",36,"Jim","McDermott"
"NC","4","D","M","P000523","15438",17,-1.34996588575643,-1.74775536087342,-1.00611722948237,"Price (D NC-4)",37,"David","Price"
"NY","16","D","M","E000179","15603",22,-1.34336407381203,-1.70938893525141,-0.997812604958745,"Engel (D NY-16)",38,"Eliot","Engel"
"NJ","10","D","M","P000604","31103",69,-1.33455091025373,-1.76754055750953,-0.988470282177134,"Payne Jr. (D NJ-10)",39,"Donald","Payne Jr."
"MA","3","D","F","T000465","20754",33,-1.32363838954569,-1.70979571940795,-0.980009325695125,"Tsongas (D MA-3)",40,"Niki","Tsongas"
"FL","14","D","F","C001066","20708",8,-1.31660723039934,-1.6848666780703,-0.997246676890086,"Castor (D FL-14)",41,"Kathy","Castor"
"IN","7","D","M","C001072","20757",6,-1.29922006644928,-1.65464265303372,-0.986223151824146,"Carson (D IN-7)",42,"André","Carson"
"MD","8","D","M","V000128","20330",7,-1.2899842063952,-1.63212502825843,-0.990745993358661,"Van Hollen (D MD-8)",43,"Chris","Van Hollen"
"FL","20","D","M","H000324","29337",28,-1.27722435107716,-1.57826323722049,-0.955815212581436,"Hastings (D FL-20)",44,"Alcee","Hastings"
"CA","6","D","F","M001163","20538",4,-1.27039403677271,-1.61863257184465,-0.96622701091809,"Matsui (D CA-6)",45,"Doris","Matsui"
"RI","1","D","M","C001084","21172",3,-1.26843177452014,-1.58983494687091,-0.976899352225884,"Cicilline (D RI-1)",46,"David","Cicilline"
"WI","4","D","F","M001160","20537",21,-1.266326180399,-1.57263038405471,-0.962347148458485,"Moore (D WI-4)",47,"Gwen","Moore"
"TX","30","D","F","J000126","39305",4,-1.25172065807728,-1.54965784539008,-0.98088333805843,"Johnson (D TX-30)",48,"Eddie","Johnson"
"MN","4","D","F","M001143","20122",2,-1.24545749250042,-1.58825243068121,-0.959786771790474,"McCollum (D MN-4)",49,"Betty","McCollum"
"CA","32","D","F","N000179","29903",12,-1.2451787544676,-1.56840899848762,-0.946843896460741,"Napolitano (D CA-32)",50,"Grace","Napolitano"
"CA","37","D","F","B001270","21110",19,-1.23656589404033,-1.55130646938576,-0.943234752460855,"Bass (D CA-37)",51,"Karen","Bass"
"MO","5","D","M","C001061","20517",32,-1.23469554101152,-1.56887930437177,-0.924984280313919,"Cleaver II (D MO-5)",52,"Emanuel","Cleaver II"
"CA","12","D","F","P000197","15448",25,-1.23330499217585,-1.54324037752714,-0.938946113166237,"Pelosi (D CA-12)",53,"Nancy","Pelosi"
"CA","34","D","M","B000287","29316",20,-1.22974793886255,-1.55985097773782,-0.953829468721036,"Becerra (D CA-34)",54,"Xavier","Becerra"
"NY","25","D","F","S000480","15444",16,-1.2287885964343,-1.5310020828688,-0.908529180753556,"Slaughter (D NY-25)",55,"Louise","Slaughter"
"MS","2","D","M","T000193","29368",12,-1.21332779455605,-1.50219692081152,-0.900397544290434,"Thompson (D MS-2)",56,"Bennie","Thompson"
"MA","7","D","M","C001037","29919",14,-1.19887641031535,-1.49045153706091,-0.933825053821133,"Capuano (D MA-7)",57,"Michael","Capuano"
"MO","1","D","M","C001049","20147",18,-1.19009717516378,-1.50286774748485,-0.936624383734323,"Clay (D MO-1)",58,"William","Clay"
"NY","20","D","M","T000469","20934",12,-1.18744894043551,-1.47433812018901,-0.898018776208226,"Tonko (D NY-20)",59,"Paul","Tonko"
"MI","14","D","F","L000581","",6,-1.18601687988754,-1.45813848081022,-0.9158902495264,"Lawrence (D MI-14)",60,"Brenda","Lawrence"
"CA","41","D","M","T000472","21312",2,-1.18571032073644,-1.46161587906233,-0.919278412237205,"Takano (D CA-41)",61,"Mark","Takano"
"FL","22","D","F","F000462","21321",9,-1.18543037686687,-1.48655714480458,-0.895325590978639,"Frankel (D FL-22)",62,"Lois","Frankel"
"CA","29","D","M","C001097","21309",16,-1.18081456202637,-1.46312124083531,-0.903735727458952,"Cardenas (D CA-29)",63,"Tony","Cardenas"
"WA","9","D","M","S000510","29768",117,-1.17499231819749,-1.57735790923992,-0.827671842712157,"Smith (D WA-9)",64,"Adam","Smith"
"CO","1","D","F","D000197","29710",4,-1.17489016704638,-1.46677712112742,-0.907700367996085,"DeGette (D CO-1)",65,"Diana","DeGette"
"CA","51","D","M","V000130","21314",4,-1.17426419904475,-1.45322992045535,-0.915537685634813,"Vargas (D CA-51)",66,"Juan","Vargas"
"NY","17","D","F","L000480","15612",9,-1.17156785231775,-1.4634113969171,-0.887079731599418,"Lowey (D NY-17)",67,"Nita","Lowey"
"CA","18","D","F","E000215","29312",16,-1.1649476434236,-1.44179107294957,-0.891032241669761,"Eshoo (D CA-18)",68,"Anna","Eshoo"
"CA","47","D","M","L000579","21313",4,-1.16481657316028,-1.41814423216212,-0.892892658012736,"Lowenthal (D CA-47)",69,"Alan","Lowenthal"
"OR","1","D","F","B001278","21198",4,-1.16134986247837,-1.47564205332306,-0.928658324886122,"Bonamici (D OR-1)",70,"Suzanne","Bonamici"
"NY","5","D","M","M001137","29776",25,-1.16023978437281,-1.43953909900686,-0.904348743566383,"Meeks (D NY-5)",71,"Gregory","Meeks"
"CT","3","D","F","D000216","29109",9,-1.15874367942378,-1.44716564932784,-0.879990106109079,"DeLauro (D CT-3)",72,"Rosa","DeLauro"
"NC","1","D","M","B001251","20340",6,-1.15491162688043,-1.41931982239195,-0.881755168995831,"Butterfield (D NC-1)",73,"G.","Butterfield"
"CA","28","D","M","S001150","20104",2,-1.13852360720555,-1.40243563615429,-0.894691349996649,"Schiff (D CA-28)",74,"Adam","Schiff"
"FL","21","D","M","D000610","20959",10,-1.13828060340742,-1.377874672745,-0.887905590403873,"Deutch (D FL-21)",75,"Ted","Deutch"
"MI","12","D","F","D000624","",6,-1.13289698357157,-1.40241931330608,-0.882179637650951,"Dingell (D MI-12)",76,"Debbie","Dingell"
"MA","1","D","M","N000015","15616",17,-1.13193493892956,-1.42204046979278,-0.874958739094189,"Neal (D MA-1)",77,"Richard","Neal"
"KY","3","D","M","Y000062","20723",28,-1.12452464232257,-1.39176402820462,-0.852489317398003,"Yarmuth (D KY-3)",78,"John","Yarmuth"
"IL","1","D","M","R000515","29346",59,-1.11972493154268,-1.41438553621929,-0.871084850617754,"Rush (D IL-1)",79,"Bobby","Rush"
"NM","3","D","M","L000570","20932",3,-1.11956315781573,-1.37774989193233,-0.862807548138762,"Lujan (D NM-3)",80,"Ben","Lujan"
"IL","7","D","M","D000096","29717",22,-1.11815205266925,-1.39866921765282,-0.890913946532412,"Davis (D IL-7)",81,"Danny","Davis"
"FL","24","D","F","W000808","21118",23,-1.11514297953732,-1.37229460817138,-0.87011719577896,"Wilson (D FL-24)",82,"Frederica","Wilson"
"NY","3","D","M","I000057","20129",6,-1.10918451127158,-1.36532120778807,-0.849986660473968,"Israel (D NY-3)",83,"Steve","Israel"
"VA","8","D","M","B001292","",6,-1.09307311533279,-1.34496715580501,-0.869033975378256,"Beyer (D VA-8)",84,"Donald","Beyer"
"IL","2","D","F","K000385","21371",8,-1.08742191078599,-1.33324964913536,-0.840926457295151,"Kelly (D IL-2)",85,"Robin","Kelly"
"FL","23","D","F","W000797","20504",68,-1.08276462013445,-1.35346113805279,-0.828077000313286,"Wasserman Schultz (D FL-23)",86,"Debbie","Wasserman Schultz"
"CA","14","D","F","S001175","20762",45,-1.07467394650392,-1.31078237623449,-0.838207676780116,"Speier (D CA-14)",87,"Jackie","Speier"
"CT","1","D","M","L000557","29908",9,-1.06998749638693,-1.32448612918067,-0.846884868425356,"Larson (D CT-1)",88,"John","Larson"
"CA","53","D","F","D000598","20108",2,-1.06956720626739,-1.32614183999128,-0.848582533193411,"Davis (D CA-53)",89,"Susan","Davis"
"VA","3","D","M","S000185","39307",4,-1.06551487388719,-1.30987694780918,-0.830702558493919,"Scott (D VA-3)",90,"Robert","Scott"
"MD","5","D","M","H000874","14873",17,-1.06302479062182,-1.30500711250828,-0.825565571319418,"Hoyer (D MD-5)",91,"Steny","Hoyer"
"MI","5","D","M","K000380","21372",4,-1.05653178408184,-1.28601155626472,-0.838799734788539,"Kildee (D MI-5)",92,"Dan","Kildee"
"OH","3","D","F","B001281","21352",3,-1.05464120355966,-1.27800567539833,-0.817473492006508,"Beatty (D OH-3)",93,"Joyce","Beatty"
"NY","13","D","M","R000053","13035",12,-1.04548054030732,-1.27622041150854,-0.820411003119183,"Rangel (D NY-13)",94,"Charles","Rangel"
"CA","44","D","F","H001063","21195",5,-1.04279826069578,-1.27718252529234,-0.836858925151589,"Hahn (D CA-44)",95,"Janice","Hahn"
"NY","6","D","F","M001188","21342",27,-1.03997863603544,-1.26961480860212,-0.805340298848984,"Meng (D NY-6)",96,"Grace","Meng"
"MA","4","D","M","K000379","21335",5,-1.02925266201275,-1.24050068082176,-0.812839931896846,"Kennedy III (D MA-4)",97,"Joseph","Kennedy III"
"OR","3","D","M","B000574","29588",8,-1.02771959262502,-1.23581212627939,-0.81145403548127,"Blumenauer (D OR-3)",98,"Earl","Blumenauer"
"CA","19","D","F","L000397","29504",29,-1.02618854156394,-1.260906533058,-0.805438519418805,"Lofgren (D CA-19)",99,"Zoe","Lofgren"
"NY","12","D","F","M000087","21344",13,-1.01144196308784,-1.22260130656162,-0.785598567941845,"Maloney (D NY-12)",100,"Carolyn","Maloney"
"NY","26","D","M","H001038","20519",11,-1.00205298252516,-1.1982672306573,-0.780613403426551,"Higgins (D NY-26)",101,"Brian","Higgins"
"NJ","9","D","M","P000096","29741",13,-0.996010782733432,-1.2035745236391,-0.777675020230829,"Pascrell Jr. (D NJ-9)",102,"Bill","Pascrell Jr."
"HI","1","D","M","T000473","",6,-0.980775555613404,-1.19674203252352,-0.76949480964549,"Takai (D HI-1)",103,"Mark","Takai"
"PA","1","D","M","B001227","29777",14,-0.971117356593786,-1.18876725240625,-0.77635186362781,"Brady (D PA-1)",104,"Robert","Brady"
"CA","33","D","M","L000582","",15,-0.96826682699349,-1.205169233571,-0.784615794830288,"Lieu (D CA-33)",105,"Ted","Lieu"
"FL","5","D","F","B000911","29328",16,-0.958382136904605,-1.15461186849397,-0.756617318392575,"Brown (D FL-5)",106,"Corrine","Brown"
"CA","35","D","F","T000474","",2,-0.942679640483758,-1.14223076284798,-0.748851578263036,"Torres (D CA-35)",107,"Norma","Torres"
"TX","35","D","M","D000399","29571",7,-0.939939499087522,-1.13665346331158,-0.750014062080723,"Doggett (D TX-35)",108,"Lloyd","Doggett"
"GA","4","D","M","J000288","20712",16,-0.939613585390773,-1.13645566211271,-0.753418015030489,"Johnson (D GA-4)",109,"Hank","Johnson"
"MI","9","D","M","L000263","15033",3,-0.9332106887889,-1.13124789253622,-0.750035703795817,"Levin (D MI-9)",110,"Sander","Levin"
"CA","30","D","M","S000344","29707",4,-0.932525332450983,-1.13881244216297,-0.753763276296226,"Sherman (D CA-30)",111,"Brad","Sherman"
"SC","6","D","M","C000537","39301",14,-0.92674580396398,-1.11953674378197,-0.741241372868748,"Clyburn (D SC-6)",112,"James","Clyburn"
"TN","9","D","M","C001068","20748",8,-0.922723236105494,-1.11321017005863,-0.739219613052594,"Cohen (D TN-9)",113,"Steve","Cohen"
"PA","13","D","M","B001296","",29,-0.922641824161233,-1.11223052616768,-0.73353359681677,"Boyle (D PA-13)",114,"Brendan","Boyle"
"OH","9","D","F","K000009","15029",30,-0.92077315214286,-1.13386523281271,-0.731651167858678,"Kaptur (D OH-9)",115,"Marcy","Kaptur"
"PA","14","D","M","D000482","29561",18,-0.920766489736729,-1.10495256230254,-0.735764429173234,"Doyle (D PA-14)",116,"Mike","Doyle"
"CA","24","D","F","C001036","29774",54,-0.913205320439903,-1.11175002121076,-0.729271935704184,"Capps (D CA-24)",117,"Lois","Capps"
"PA","17","D","M","C001090","21358",22,-0.911187119201835,-1.10043688858377,-0.729747137037067,"Cartwright (D PA-17)",118,"Matt","Cartwright"
"TX","20","D","M","C001091","21362",3,-0.905597987757241,-1.09241344312826,-0.733286136055982,"Castro (D TX-20)",119,"Joaquin","Castro"
"CA","15","D","M","S001193","21306",9,-0.900871492773397,-1.09395599280538,-0.721540071503189,"Swalwell (D CA-15)",120,"Eric","Swalwell"
"NM","1","D","F","L000580","21341",14,-0.900010522444588,-1.09510530810737,-0.732431492220761,"Lujan Grisham (D NM-1)",121,"Michelle","Lujan Grisham"
"OH","13","D","M","R000577","20343",35,-0.890446549872859,-1.07926186557643,-0.706043748248488,"Ryan (D OH-13)",122,"Tim","Ryan"
"CA","9","D","M","M001166","20702",13,-0.883347625135667,-1.06941964975371,-0.713198018450121,"McNerney (D CA-9)",123,"Jerry","McNerney"
"TX","33","D","M","V000131","21365",3,-0.880200360110283,-1.05175165832315,-0.705518215089151,"Veasey (D TX-33)",124,"Marc","Veasey"
"RI","2","D","M","L000559","20136",15,-0.869036926466192,-1.0375680365588,-0.696153872134227,"Langevin (D RI-2)",125,"Jim","Langevin"
"LA","2","D","M","R000588","21137",12,-0.866757384628989,-1.03125550000673,-0.696846776541693,"Richmond (D LA-2)",126,"Cedric","Richmond"
"HI","2","D","F","G000571","21324",2,-0.864460072641872,-1.04027270206148,-0.698707447497581,"Gabbard (D HI-2)",127,"Tulsi","Gabbard"
"NJ","8","D","M","S001165","20542",7,-0.863296859075173,-1.03489838905192,-0.69553391171205,"Sires (D NJ-8)",128,"Albio","Sires"
"MN","8","D","M","N000127","14263",16,-0.859164379789142,-1.0392225995771,-0.708010395797124,"Nolan (D MN-8)",129,"Rick","Nolan"
"CT","2","D","M","C001069","20706",6,-0.858222588010651,-1.02734875639056,-0.688246607840164,"Courtney (D CT-2)",130,"Joe","Courtney"
"TX","18","D","F","J000032","29573",40,-0.854427622461222,-1.02464085842146,-0.675179757111291,"Jackson-Lee (D TX-18)",131,"Sheila","Jackson-Lee"
"IN","1","D","M","V000108","15124",9,-0.83887733089311,-1.00462443740901,-0.679928536253064,"Visclosky (D IN-1)",132,"Peter","Visclosky"
"NV","1","D","F","T000468","20927",11,-0.83399828393812,-0.998757813209158,-0.6674275552236,"Titus (D NV-1)",133,"Dina","Titus"
"CA","5","D","M","T000460","29901",2,-0.832476884373726,-0.990998344893317,-0.671076462576072,"Thompson (D CA-5)",134,"Mike","Thompson"
"MA","6","D","M","M001196","",3,-0.830130620844795,-0.993784484511537,-0.66753869735398,"Moulton (D MA-6)",135,"Seth","Moulton"
"CT","5","D","F","E000293","21316",4,-0.825699798531472,-1.00655428719405,-0.674775242253701,"Esty (D CT-5)",136,"Elizabeth","Esty"
"TX","9","D","M","G000553","20529",9,-0.823577864058487,-0.981507421478576,-0.654550645286098,"Green (D TX-9)",137,"Al","Green"
"FL","9","D","M","G000556","20908",12,-0.822040970775001,-0.984001479579621,-0.6707637091962,"Grayson (D FL-9)",138,"Alan","Grayson"
"WA","10","D","M","H001064","21369",4,-0.821055076227768,-0.985304678240371,-0.656278226938051,"Heck (D WA-10)",139,"Denny","Heck"
"TX","16","D","M","O000170","21361",18,-0.811059303964161,-0.975881933881402,-0.646706987558087,"O'Rourke (D TX-16)",140,"Beto","O'Rourke"
"IL","5","D","M","Q000023","20954",11,-0.80604586717406,-0.963037210135592,-0.660350440864838,"Quigley (D IL-5)",141,"Mike","Quigley"
"WA","1","D","F","D000617","31101",2,-0.804167298079447,-0.972493645594628,-0.663044460059843,"DelBene (D WA-1)",142,"Suzan","DelBene"
"WA","2","D","M","L000560","20145",5,-0.802970457906888,-0.963139979932386,-0.650431201562615,"Larsen (D WA-2)",143,"Rick","Larsen"
"MA","8","D","M","L000562","20119",12,-0.8004956926673,-0.946201287435528,-0.65023469984752,"Lynch (D MA-8)",144,"Stephen","Lynch"
"MA","9","D","M","K000375","21140",9,-0.796860478630076,-0.938577228762665,-0.623227437313749,"Keating (D MA-9)",145,"Bill","Keating"
"CA","46","D","F","S000030","29709",49,-0.790911892704864,-0.95666241387043,-0.626817772936362,"Sanchez (D CA-46)",146,"Loretta","Sanchez"
"CT","4","D","M","H001047","20907",4,-0.787414314725524,-0.935201615537412,-0.630119563759081,"Himes (D CT-4)",147,"Jim","Himes"
"IL","11","D","M","F000454","20749",3,-0.784777765294876,-0.939488993667955,-0.643416925077458,"Foster (D IL-11)",148,"Bill","Foster"
"TX","15","D","M","H000636","29763",132,-0.784724125915439,-0.976311523376039,-0.593513046502995,"Hinojosa (D TX-15)",149,"Rubén","Hinojosa"
"WA","6","D","M","K000381","21368",2,-0.765125887357094,-0.90634804899822,-0.616538696438592,"Kilmer (D WA-6)",150,"Derek","Kilmer"
"NJ","1","D","M","N000188","",6,-0.763331175299089,-0.911580361827147,-0.62371783712734,"Norcross (D NJ-1)",151,"Donald","Norcross"
"IA","2","D","M","L000565","20720",15,-0.751399188924307,-0.893596073134665,-0.602304947476702,"Loebsack (D IA-2)",152,"Dave","Loebsack"
"NY","4","D","F","R000602","",10,-0.745024202889812,-0.888404410599965,-0.61571102055189,"Rice (D NY-4)",153,"Kathleen","Rice"
"CA","3","D","M","G000559","20958",33,-0.740433630320825,-0.884160051908449,-0.601099610745734,"Garamendi (D CA-3)",154,"John","Garamendi"
"VA","11","D","M","C001078","20952",2,-0.713312375006438,-0.846366851584752,-0.588616308407563,"Connolly (D VA-11)",155,"Gerald","Connolly"
"AL","7","D","F","S001185","21102",17,-0.707362709200481,-0.848849204358761,-0.571753024828661,"Sewell (D AL-7)",156,"Terri","Sewell"
"DE","1","D","M","C001083","21113",10,-0.704864124801631,-0.845352057353965,-0.581359324303247,"Carney (D DE-1)",157,"John","Carney"
"CO","2","D","M","P000598","20904",7,-0.694529881901662,-0.819749738504556,-0.569454066753414,"Polis (D CO-2)",158,"Jared","Polis"
"CO","7","D","M","P000593","20705",32,-0.690976574682886,-0.835033164159059,-0.569016987693999,"Perlmutter (D CO-7)",159,"Ed","Perlmutter"
"GA","13","D","M","S001157","20321",7,-0.686505181928579,-0.810269594132714,-0.561001037585873,"Scott (D GA-13)",160,"David","Scott"
"IL","8","D","F","D000622","21325",78,-0.682274253031503,-0.828410986624246,-0.520158795864488,"Duckworth (D IL-8)",161,"Tammy","Duckworth"
"OR","4","D","M","D000191","15410",15,-0.662887628300672,-0.77168754650376,-0.544563044061683,"DeFazio (D OR-4)",162,"Peter","DeFazio"
"NH","2","D","F","K000382","21340",5,-0.662726329976407,-0.779808807853335,-0.548410134705358,"Kuster (D NH-2)",163,"Ann","Kuster"
"WI","3","D","M","K000188","29769",10,-0.641569523907711,-0.755883030645183,-0.527362859652691,"Kind (D WI-3)",164,"Ron","Kind"
"CA","26","D","F","B001285","21308",7,-0.621374781176296,-0.741120606912356,-0.517377106622907,"Brownley (D CA-26)",165,"Julia","Brownley"
"CA","31","D","M","A000371","",2,-0.609701526703681,-0.731508342577111,-0.506969312929563,"Aguilar (D CA-31)",166,"Pete","Aguilar"
"MD","2","D","M","R000576","20329",2,-0.605171175044266,-0.711581991873215,-0.49531060228215,"Ruppersberger (D MD-2)",167,"C.A. Dutch","Ruppersberger"
"CA","36","D","M","R000599","21311",55,-0.60233149754311,-0.729202176115815,-0.485113454949795,"Ruiz (D CA-36)",168,"Raul","Ruiz"
"MN","1","D","M","W000799","20726",4,-0.595519499306601,-0.702524726749447,-0.493482802042183,"Walz (D MN-1)",169,"Tim","Walz"
"AZ","1","D","F","K000368","20902",5,-0.577004325482521,-0.686051062427222,-0.470408804506385,"Kirkpatrick (D AZ-1)",170,"Ann","Kirkpatrick"
"TX","34","D","M","V000132","21366",5,-0.572269484498243,-0.689071503514847,-0.478233204913219,"Vela (D TX-34)",171,"Filemon","Vela"
"CA","7","D","M","B001287","21304",18,-0.566016590976859,-0.673009735927347,-0.465020628096885,"Bera (D CA-7)",172,"Ami","Bera"
"TX","29","D","M","G000410","39304",13,-0.550608917880874,-0.6515248588149,-0.45514097285992,"Green (D TX-29)",173,"Gene","Green"
"NY","18","D","M","M001185","29379",13,-0.545267974564188,-0.644285590244198,-0.439793460820855,"Maloney (D NY-18)",174,"Sean","Maloney"
"GA","2","D","M","B000490","29339",9,-0.531805882409902,-0.631383144406414,-0.428710036590706,"Bishop Jr. (D GA-2)",175,"Sanford","Bishop Jr."
"IL","17","D","F","B001286","21329",4,-0.512792452017362,-0.612706584689385,-0.418605987384362,"Bustos (D IL-17)",176,"Cheri","Bustos"
"CA","52","D","M","P000608","21315",7,-0.510739064909833,-0.611289036392903,-0.418873596676532,"Peters (D CA-52)",177,"Scott","Peters"
"MD","6","D","M","D000620","21334",8,-0.492208749497658,-0.583055418436,-0.390608914873743,"Delaney (D MD-6)",178,"John","Delaney"
"TN","5","D","M","C000754","15019",5,-0.48933197348138,-0.587139759557478,-0.392074642872391,"Cooper (D TN-5)",179,"Jim","Cooper"
"FL","18","D","M","M001191","21319",18,-0.42974111305752,-0.513854101430489,-0.333625284554121,"Murphy (D FL-18)",180,"Patrick","Murphy"
"IL","3","D","M","L000563","20508",18,-0.421345714914034,-0.510193189970852,-0.328197380604071,"Lipinski (D IL-3)",181,"Daniel","Lipinski"
"OR","5","D","M","S001180","20944",10,-0.400972409070073,-0.489484686424251,-0.315137549269443,"Schrader (D OR-5)",182,"Kurt","Schrader"
"FL","2","D","F","G000575","",2,-0.378564613589429,-0.463173188883746,-0.288872191559489,"Graham (D FL-2)",183,"Gwen","Graham"
"CA","16","D","M","C001059","20501",18,-0.295050299622503,-0.376934154931629,-0.214848838966253,"Costa (D CA-16)",184,"Jim","Costa"
"TX","28","D","M","C001063","20533",10,-0.287974423508831,-0.370098057690367,-0.20258106750583,"Cuellar (D TX-28)",185,"Henry","Cuellar"
"NE","2","D","M","A000373","",6,-0.265630672737953,-0.343929465127408,-0.182657220562408,"Ashford (D NE-2)",186,"Brad","Ashford"
"AZ","9","D","F","S001191","21300",7,-0.224420753038297,-0.302883610250944,-0.145514714289902,"Sinema (D AZ-9)",187,"Kyrsten","Sinema"
"MN","7","D","M","P000258","29127",6,-0.169471471788785,-0.242537944467837,-0.0912432798425804,"Peterson (D MN-7)",188,"Collin","Peterson"
"MS","1","R","M","N000186","21147",297,-0.0512622694021821,-1.96214842960444,1.75397644893657,"Nunnelee (R MS-1)",189,"Alan","Nunnelee"
"NC","3","R","M","J000255","29546",7,0.157208101199815,0.0760873664683295,0.243103274873158,"Jones (R NC-3)",190,"Walter","Jones"
"NY","19","R","M","G000564","21156",7,0.176315631523407,0.0903424878925273,0.25287751147528,"Gibson (R NY-19)",191,"Chris","Gibson"
"IL","10","R","M","D000613","",14,0.201133531159584,0.112028992262271,0.284950883981269,"Dold (R IL-10)",192,"Robert","Dold"
"NY","22","R","M","H001051","21157",8,0.256325352396935,0.160733231044339,0.34511187192793,"Hanna (R NY-22)",193,"Richard","Hanna"
"NY","11","R","M","D000625","",237,0.285334843815069,0.135243575266219,0.443204360431359,"Donovan (R NY-11)",194,"Daniel","Donovan"
"FL","26","R","M","C001107","",17,0.301396139427265,0.20213565003668,0.397144087486019,"Curbelo (R FL-26)",195,"Carlos","Curbelo"
"NY","24","R","M","K000386","",7,0.301664267319862,0.208051774561531,0.398213901808402,"Katko (R NY-24)",196,"John","Katko"
"NY","21","R","F","S001196","",2,0.32320275003132,0.225490607282916,0.418874326747216,"Stefanik (R NY-21)",197,"Elise","Stefanik"
"NJ","2","R","M","L000554","29539",2,0.337922278917802,0.243840039186282,0.439639415235929,"LoBiondo (R NJ-2)",198,"Frank","LoBiondo"
"FL","27","R","F","R000435","15634",3,0.352352858995667,0.254452965696446,0.448967916852178,"Ros-Lehtinen (R FL-27)",199,"Ileana","Ros-Lehtinen"
"PA","8","R","M","F000451","20524",19,0.363204647582424,0.263572151515618,0.459420935496677,"Fitzpatrick (R PA-8)",200,"Michael","Fitzpatrick"
"FL","13","R","M","J000296","",6,0.36960880659033,0.26588000512894,0.471124401727133,"Jolly (R FL-13)",201,"David","Jolly"
"FL","25","R","M","D000600","20316",6,0.374276922690699,0.269355224895879,0.480298674857194,"Diaz-Balart (R FL-25)",202,"Mario","Diaz-Balart"
"CA","10","R","M","D000612","21109",3,0.374487527901446,0.266056901731398,0.470566471046416,"Denham (R CA-10)",203,"Jeffrey","Denham"
"NY","2","R","M","K000210","29375",6,0.37514286912234,0.280857912320583,0.481339322567945,"King (R NY-2)",204,"Peter","King"
"PA","15","R","M","D000604","20526",2,0.381922814728539,0.275245775928108,0.478547487487779,"Dent (R PA-15)",205,"Charlie","Dent"
"WA","8","R","M","R000578","20536",3,0.385986343701453,0.281578584915533,0.490207035439814,"Reichert (R WA-8)",206,"Dave","Reichert"
"PA","6","R","M","C001106","",3,0.395108525474029,0.293661501460731,0.506557140178674,"Costello (R PA-6)",207,"Ryan","Costello"
"AZ","2","R","F","M001197","",2,0.397528412971181,0.288308205669992,0.496155200831915,"McSally (R AZ-2)",208,"Martha","McSally"
"NJ","3","R","M","M001193","",2,0.401958030024426,0.297498813080372,0.50654250996254,"MacArthur (R NJ-3)",209,"Tom","MacArthur"
"NJ","4","R","M","S000522","14863",6,0.419308570288002,0.315760807780773,0.531385583008477,"Smith (R NJ-4)",210,"Christopher","Smith"
"CA","21","R","M","V000129","21307",6,0.429476261569846,0.324304386061437,0.54044699631565,"Valadao (R CA-21)",211,"David","Valadao"
"IL","16","R","M","K000378","21128",6,0.440599391127236,0.332621852121921,0.555022193098601,"Kinzinger (R IL-16)",212,"Adam","Kinzinger"
"PA","7","R","M","M001181","21168",4,0.450416994836969,0.338477252289236,0.561917647918861,"Meehan (R PA-7)",213,"Pat","Meehan"
"NV","3","R","M","H001055","21151",10,0.456743527535979,0.340648014690022,0.564518492754678,"Heck (R NV-3)",214,"Joe","Heck"
"MI","3","R","M","A000367","21143",3,0.461193032007115,0.348760199545197,0.572640631164749,"Amash (R MI-3)",215,"Justin","Amash"
"NY","1","R","M","Z000017","",2,0.468637307449411,0.3558565216535,0.584669625234163,"Zeldin (R NY-1)",216,"Lee","Zeldin"
"IL","13","R","M","D000619","21328",6,0.474003715655393,0.356026396924409,0.591181886837556,"Davis (R IL-13)",217,"Rodney","Davis"
"KY","4","R","M","M001184","31102",2,0.477756046136498,0.359994757896441,0.588496646448749,"Massie (R KY-4)",218,"Thomas","Massie"
"IL","18","R","M","S001179","20914",172,0.481402045608715,0.330736301936136,0.663154296470231,"Schock (R IL-18)",219,"Aaron","Schock"
"MI","6","R","M","U000031","15446",2,0.490897426197093,0.378133350309135,0.600968967192149,"Upton (R MI-6)",220,"Fred","Upton"
"TN","2","R","M","D000533","15455",5,0.498196218802033,0.379497877628909,0.622769360876131,"Duncan Jr. (R TN-2)",221,"John","Duncan Jr."
"NY","23","R","M","R000585","21101",2,0.49965791243685,0.37778725247215,0.619333351323165,"Reed (R NY-23)",222,"Tom","Reed"
"PA","5","R","M","T000467","20946",2,0.500574133108818,0.378436198378742,0.617698517946972,"Thompson (R PA-5)",223,"Glenn","Thompson"
"NC","2","R","F","E000291","21159",6,0.508833618968249,0.400686536674644,0.629821360449738,"Ellmers (R NC-2)",224,"Renee","Ellmers"
"OH","10","R","M","T000463","20342",12,0.511609262408128,0.392298256994291,0.652535672986622,"Turner (R OH-10)",225,"Michael","Turner"
"NJ","11","R","M","F000372","29541",4,0.513064657967627,0.39429814334306,0.639576759835116,"Frelinghuysen (R NJ-11)",226,"Rodney","Frelinghuysen"
"OH","14","R","M","J000295","21353",6,0.513175940184169,0.402543538968506,0.637304321137807,"Joyce (R OH-14)",227,"Dave","Joyce"
"OR","2","R","M","W000791","29932",5,0.519446695482507,0.39688290001534,0.640052445440815,"Walden (R OR-2)",228,"Greg","Walden"
"PA","11","R","M","B001269","21171",29,0.528484349034815,0.403873268639698,0.647309312252372,"Barletta (R PA-11)",229,"Lou","Barletta"
"OH","15","R","M","S001187","21163",13,0.534700515193086,0.40587868707827,0.666649272742692,"Stivers (R OH-15)",230,"Steve","Stivers"
"AK","1","R","M","Y000033","14066",52,0.537732863726251,0.413886732800042,0.667017292734405,"Young (R AK-1)",231,"Don","Young"
"VA","2","R","M","R000589","21185",2,0.539447247587065,0.422937906087641,0.673928602904435,"Rigell (R VA-2)",232,"Scott","Rigell"
"WA","3","R","F","H001056","21187",37,0.541020154576673,0.408094872053711,0.679637466043163,"Herrera Beutler (R WA-3)",233,"Jaime","Herrera Beutler"
"CO","6","R","M","C001077","20906",6,0.544182295005529,0.423261670404985,0.660809347202631,"Coffman (R CO-6)",234,"Mike","Coffman"
"ID","2","R","M","S001148","29910",5,0.54656225088776,0.416976010510035,0.665590073533372,"Simpson (R ID-2)",235,"Mike","Simpson"
"WV","1","R","M","M001180","21188",9,0.548632426034015,0.425801896766632,0.680297746251943,"McKinley (R WV-1)",236,"David","McKinley"
"OH","8","R","M","B000589","15806",291,0.554187316883522,0.0904721349433011,1.01574845666663,"Boehner (R OH-8)",237,"John","Boehner"
"NE","1","R","M","F000449","20518",8,0.55429573876405,0.437127028000631,0.685248033857208,"Fortenberry (R NE-1)",238,"Jeff","Fortenberry"
"VA","10","R","F","C001105","",5,0.555601215040545,0.431891991305435,0.681677894423448,"Comstock (R VA-10)",239,"Barbara","Comstock"
"MN","6","R","M","E000294","",3,0.560746209969091,0.435549371631164,0.684249205940196,"Emmer (R MN-6)",240,"Tom","Emmer"
"NY","27","R","M","C001092","21345",3,0.564365229287622,0.440746798902939,0.69751495063271,"Collins (R NY-27)",241,"Chris","Collins"
"IL","12","R","M","B001295","",5,0.567479945561097,0.438326783839546,0.694418143705347,"Bost (R IL-12)",242,"Mike","Bost"
"WA","4","R","M","N000189","",2,0.571441529504013,0.43914886443726,0.704683130735436,"Newhouse (R WA-4)",243,"Dan","Newhouse"
"NJ","7","R","M","L000567","20929",2,0.573264686620507,0.446419342052858,0.698823393144689,"Lance (R NJ-7)",244,"Leonard","Lance"
"CA","22","R","M","N000181","20307",2,0.581048774704548,0.454916289695081,0.713542217904689,"Nunes (R CA-22)",245,"Devin","Nunes"
"WV","3","R","M","J000297","",5,0.58109988694126,0.459659069302758,0.715607669278075,"Jenkins (R WV-3)",246,"Evan","Jenkins"
"OK","4","R","M","C001053","20344",4,0.582629456746353,0.451688276160027,0.710506610647867,"Cole (R OK-4)",247,"Tom","Cole"
"OH","16","R","M","R000586","21164",2,0.585872916609753,0.459387535483121,0.727174359373132,"Renacci (R OH-16)",248,"Jim","Renacci"
"CA","42","R","M","C000059","29323",4,0.590456576479895,0.46066337794325,0.728914727566305,"Calvert (R CA-42)",249,"Ken","Calvert"
"NH","1","R","M","G000570","",6,0.598862207543621,0.459971760036073,0.732663148427561,"Guinta (R NH-1)",250,"Frank","Guinta"
"PA","18","R","M","M001151","20346",5,0.599043043890321,0.459234804718355,0.732786619946315,"Murphy (R PA-18)",251,"Tim","Murphy"
"MI","1","R","M","B001271","21141",3,0.60217400592127,0.468624600071547,0.731214555532266,"Benishek (R MI-1)",252,"Dan","Benishek"
"MN","3","R","M","P000594","20924",8,0.609999729419602,0.479707295420519,0.745399842567901,"Paulsen (R MN-3)",253,"Erik","Paulsen"
"NV","4","R","M","H001070","",4,0.615514026999159,0.486498217921674,0.752570390838811,"Hardy (R NV-4)",254,"Cresent","Hardy"
"PA","3","R","M","K000376","21167",3,0.619403139455304,0.48169736176677,0.749559289302668,"Kelly (R PA-3)",255,"Mike","Kelly"
"KY","1","R","M","W000413","29525",7,0.627610887342371,0.489409619817283,0.758140162319337,"Whitfield (R KY-1)",256,"Edward","Whitfield"
"IL","15","R","M","S000364","29718",6,0.631442238639423,0.492256451870135,0.765710748478083,"Shimkus (R IL-15)",257,"John","Shimkus"
"LA","3","R","M","B001255","20514",2,0.632179742620816,0.485821228147644,0.770281396610122,"Boustany Jr. (R LA-3)",258,"Charles","Boustany Jr."
"OH","12","R","M","T000462","20130",10,0.634031339556103,0.497745016247536,0.773978650281809,"Tiberi (R OH-12)",259,"Pat","Tiberi"
"NV","2","R","M","A000369","21196",19,0.634252643109996,0.498710408282406,0.782496277817216,"Amodei (R NV-2)",260,"Mark","Amodei"
"VA","9","R","M","G000568","21191",7,0.637079969858564,0.496310460074069,0.776392793108253,"Griffith (R VA-9)",261,"Morgan","Griffith"
"IN","5","R","F","B001284","21331",5,0.638297967960142,0.50090781072974,0.790532736380756,"Brooks (R IN-5)",262,"Susan","Brooks"
"AR","1","R","M","C001087","21106",32,0.638722018069309,0.49559176835453,0.774007351580766,"Crawford (R AR-1)",263,"Rick","Crawford"
"OH","6","R","M","J000292","21162",2,0.638924299208907,0.494316444360658,0.768485168408939,"Johnson (R OH-6)",264,"Bill","Johnson"
"FL","16","R","M","B001260","20709",13,0.645618754846392,0.507137450677008,0.787488016647091,"Buchanan (R FL-16)",265,"Vern","Buchanan"
"KY","5","R","M","R000395","14854",4,0.64616183404069,0.502073076987566,0.788856244955997,"Rogers (R KY-5)",266,"Harold","Rogers"
"PA","10","R","M","M001179","21170",7,0.649599999081044,0.49904020648746,0.791297415644196,"Marino (R PA-10)",267,"Tom","Marino"
"PA","9","R","M","S001154","20134",3,0.657686261296217,0.510714762359914,0.793930232963606,"Shuster (R PA-9)",268,"Bill","Shuster"
"FL","4","R","M","C001045","20111",5,0.661769133748629,0.52059197605286,0.809006407860062,"Crenshaw (R FL-4)",269,"Ander","Crenshaw"
"MI","11","R","M","T000475","",6,0.667487035479919,0.531856287851688,0.82147460323937,"Trott (R MI-11)",270,"Dave","Trott"
"SC","1","R","M","S000051","29565",10,0.66913749526357,0.540199267053078,0.804133912876147,"Sanford (R SC-1)",271,"Mark","Sanford"
"AR","3","R","M","W000809","21108",2,0.675497786996257,0.518757745722309,0.810182561015408,"Womack (R AR-3)",272,"Steve","Womack"
"OK","3","R","M","L000491","29393",5,0.680157064437164,0.527597513357212,0.826895837277051,"Lucas (R OK-3)",273,"Frank","Lucas"
"MO","3","R","M","L000569","20926",4,0.683848545050313,0.541486408417944,0.839589820286188,"Luetkemeyer (R MO-3)",274,"Blaine","Luetkemeyer"
"ME","2","R","M","P000611","",5,0.691035162479038,0.548442111089786,0.839503311270647,"Poliquin (R ME-2)",275,"Bruce","Poliquin"
"SD","1","R","F","N000184","21177",21,0.691856287527948,0.539192140713662,0.841706746052268,"Noem (R SD-1)",276,"Kristi","Noem"
"CO","3","R","M","T000470","21111",5,0.698579596203625,0.548946747464289,0.841533276253536,"Tipton (R CO-3)",277,"Scott","Tipton"
"IA","3","R","M","Y000066","",2,0.69991833793392,0.548220130004262,0.85304061384045,"Young (R IA-3)",278,"David","Young"
"IN","8","R","M","B001275","21132",4,0.70045169335479,0.547407656653342,0.846611464088854,"Bucshon (R IN-8)",279,"Larry","Bucshon"
"LA","5","R","M","A000374","",4,0.706365724574912,0.545004412102099,0.857292502041141,"Abraham (R LA-5)",280,"Ralph","Abraham"
"MN","2","R","M","K000363","20333",2,0.71368299671206,0.560869254772532,0.858194101089487,"Kline (R MN-2)",281,"John","Kline"
"SC","5","R","M","M001182","21176",25,0.718832739233327,0.568041940459194,0.863219543954098,"Mulvaney (R SC-5)",282,"Mick","Mulvaney"
"AL","3","R","M","R000575","20301",10,0.721371047650353,0.575361541563234,0.878822720178309,"Rogers (R AL-3)",283,"Mike","Rogers"
"WI","8","R","M","R000587","21190",19,0.722233285350317,0.575075279111022,0.880008142917755,"Ribble (R WI-8)",284,"Reid","Ribble"
"AL","2","R","F","R000591","21192",2,0.723254154652244,0.567459236292568,0.876855241069001,"Roby (R AL-2)",285,"Martha","Roby"
"FL","3","R","M","Y000065","21317",8,0.725822808430046,0.591710398183807,0.888125274382416,"Yoho (R FL-3)",286,"Ted","Yoho"
"IL","6","R","M","R000580","20715",37,0.728051613081408,0.585218165951245,0.890389021913506,"Roskam (R IL-6)",287,"Peter","Roskam"
"UT","2","R","M","S001192","21367",16,0.728291751501125,0.577275874015123,0.875503471144258,"Stewart (R UT-2)",288,"Chris","Stewart"
"IN","9","R","M","Y000064","21133",33,0.728405131572636,0.549955252552017,0.896521475314183,"Young (R IN-9)",289,"Todd","Young"
"ID","1","R","M","L000573","21125",13,0.732633235509135,0.5736362536332,0.876122167270189,"Labrador (R ID-1)",290,"Raul","Labrador"
"IA","1","R","M","B001294","",10,0.733963364283721,0.585146527246666,0.886655997966602,"Blum (R IA-1)",291,"Rod","Blum"
"NM","2","R","M","P000588","20337",11,0.738448807140286,0.591658424565189,0.895130265287629,"Pearce (R NM-2)",292,"Steve","Pearce"
"MS","3","R","M","H001045","20925",4,0.745441844375304,0.589733336201835,0.895232391908181,"Harper (R MS-3)",293,"Gregg","Harper"
"MT","1","R","M","Z000018","",11,0.746062201038238,0.603981885866136,0.909840569285219,"Zinke (R MT-1)",294,"Ryan","Zinke"
"CA","45","R","F","W000820","",5,0.746095385559102,0.589197009169641,0.896051032871745,"Walters (R CA-45)",295,"Mimi","Walters"
"MI","4","R","M","M001194","",2,0.747443792299393,0.579056424260585,0.894107670524462,"Moolenaar (R MI-4)",296,"John","Moolenaar"
"AL","4","R","M","A000055","29701",10,0.751853198797217,0.596966957203743,0.908194170285833,"Aderholt (R AL-4)",297,"Robert","Aderholt"
"CO","4","R","M","B001297","",35,0.753826547192373,0.576310405220097,0.926377688359808,"Buck (R CO-4)",298,"Ken","Buck"
"AL","5","R","M","B001274","21193",2,0.755519686755719,0.60622922186842,0.900895323402966,"Brooks (R AL-5)",299,"Mo","Brooks"
"MO","6","R","M","G000546","20124",40,0.755624886610396,0.605528324145383,0.911554837291752,"Graves (R MO-6)",300,"Sam","Graves"
"KY","6","R","M","B001282","21333",2,0.75730061107576,0.58391431027119,0.902084931871302,"Barr (R KY-6)",301,"Andy","Barr"
"FL","11","R","M","N000185","21115",23,0.758418899079136,0.599159597669454,0.92246502849076,"Nugent (R FL-11)",302,"Richard","Nugent"
"CA","49","R","M","I000056","20107",5,0.763960358367265,0.606168584081537,0.916924106003111,"Issa (R CA-49)",303,"Darrell","Issa"
"CA","39","R","M","R000487","29321",7,0.774527116137656,0.61990127678984,0.93222522181146,"Royce (R CA-39)",304,"Ed","Royce"
"TX","23","R","M","H001073","",4,0.775150058245097,0.618704469933473,0.940698301276235,"Hurd (R TX-23)",305,"Will","Hurd"
"CA","25","R","M","K000387","",6,0.783766404982125,0.633766456335341,0.966528100340207,"Knight (R CA-25)",306,"Steve","Knight"
"AZ","6","R","M","S001183","21105",3,0.784643547881831,0.620995342494757,0.935558019833231,"Schweikert (R AZ-6)",307,"David","Schweikert"
"TX","6","R","M","B000213","15085",12,0.785866383660804,0.621357599415545,0.950711259913274,"Barton (R TX-6)",308,"Joe","Barton"
"FL","10","R","M","W000806","21116",2,0.786961685797543,0.635544298721028,0.949124262231056,"Webster (R FL-10)",309,"Daniel","Webster"
"ND","1","R","M","C001096","21350",7,0.795244404963389,0.640938835262696,0.969184019813724,"Cramer (R ND-1)",310,"Kevin","Cramer"
"MS","4","R","M","P000601","21148",6,0.798581601692442,0.638618424174152,0.963289756212509,"Palazzo (R MS-4)",311,"Steven","Palazzo"
"CA","48","R","M","R000409","15621",19,0.800007179992742,0.634974594368836,0.952434966360458,"Rohrabacher (R CA-48)",312,"Dana","Rohrabacher"
"MO","2","R","F","W000812","21337",36,0.803371463544165,0.61059465836567,1.01314226309668,"Wagner (R MO-2)",313,"Ann","Wagner"
"WA","5","R","F","M001159","20535",5,0.808686207043337,0.64015311652018,0.980888776049654,"McMorris Rodgers (R WA-5)",314,"Cathy","McMorris Rodgers"
"WI","5","R","M","S000244","14657",2,0.811429893666426,0.660790763430789,0.978069520341896,"Sensenbrenner (R WI-5)",315,"F.","Sensenbrenner"
"OK","2","R","M","M001190","21355",3,0.81526822834534,0.65889073396602,0.997389217084753,"Mullin (R OK-2)",316,"Markwayne","Mullin"
"TN","3","R","M","F000459","21178",11,0.815455440037945,0.649127843612847,0.985378941747661,"Fleischmann (R TN-3)",317,"Chuck","Fleischmann"
"TX","10","R","M","M001157","20530",2,0.823476482867235,0.667620799094808,0.992259220373445,"McCaul (R TX-10)",318,"Michael","McCaul"
"FL","15","R","M","R000593","21117",3,0.825027609097082,0.662087534338437,1.00397341050502,"Ross (R FL-15)",319,"Dennis","Ross"
"CA","8","R","M","C001094","21305",2,0.834472726986786,0.653187292827066,0.994881018004052,"Cook (R CA-8)",320,"Paul","Cook"
"MI","8","R","M","B001293","",3,0.834986008649005,0.660850668758028,0.996274075138846,"Bishop (R MI-8)",321,"Mike","Bishop"
"WV","2","R","M","M001195","",6,0.835570135299005,0.663452499946193,1.0022615658894,"Mooney (R WV-2)",322,"Alex","Mooney"
"CA","23","R","M","M001165","20703",2,0.848061858237436,0.671954805211498,1.0236927868817,"McCarthy (R CA-23)",323,"Kevin","McCarthy"
"OH","7","R","M","G000563","21165",3,0.853049655145335,0.688841142289076,1.03877751796261,"Gibbs (R OH-7)",324,"Bob","Gibbs"
"KS","1","R","M","H001057","21134",5,0.8572292586465,0.683581598299794,1.01920443676352,"Huelskamp (R KS-1)",325,"Tim","Huelskamp"
"TX","12","R","F","G000377","29762",17,0.859981710982271,0.676230835443002,1.03468488481489,"Granger (R TX-12)",326,"Kay","Granger"
"UT","1","R","M","B001250","20357",9,0.861134401339323,0.70026882138495,1.04476114296401,"Bishop (R UT-1)",327,"Rob","Bishop"
"UT","4","R","F","L000584","",4,0.861539388702969,0.692363529621758,1.03819970880613,"Love (R UT-4)",328,"Mia","Love"
"FL","17","R","M","R000583","20910",5,0.870009165682826,0.693946542226378,1.0450784848233,"Rooney (R FL-17)",329,"Tom","Rooney"
"IA","4","R","M","K000362","20325",11,0.870632409981041,0.70237241728752,1.04928186423383,"King (R IA-4)",330,"Steve","King"
"TX","21","R","M","S000583","15445",4,0.871722881625143,0.710178193641269,1.044827202973,"Smith (R TX-21)",331,"Lamar","Smith"
"LA","1","R","M","S001176","20759",10,0.874699480869755,0.691757803067013,1.04839065136303,"Scalise (R LA-1)",332,"Steve","Scalise"
"OH","5","R","M","L000566","20755",2,0.878981806962337,0.703589862549911,1.05273252441397,"Latta (R OH-5)",333,"Robert","Latta"
"TX","7","R","M","C001048","20139",12,0.882330055703944,0.708713226392324,1.06724856047652,"Culberson (R TX-7)",334,"John","Culberson"
"SC","7","R","M","R000597","21359",3,0.882412315182285,0.692880861771008,1.04354761005611,"Rice (R SC-7)",335,"Tom","Rice"
"PA","4","R","M","P000605","21356",9,0.886912365030914,0.711202177695477,1.07303254945761,"Perry (R PA-4)",336,"Scott","Perry"
"AR","2","R","M","H001072","",2,0.887186273486799,0.708476945855585,1.06094532459365,"Hill (R AR-2)",337,"French","Hill"
"WY","1","R","F","L000571","20953",15,0.889868788780861,0.712241957054338,1.06685143997431,"Lummis (R WY-1)",338,"Cynthia","Lummis"
"TX","13","R","M","T000238","29572",3,0.892913034182846,0.709434266487776,1.0714460032171,"Thornberry (R TX-13)",339,"William","Thornberry"
"CA","4","R","M","M001177","20903",8,0.895967087932979,0.710769917034437,1.07342141848785,"McClintock (R CA-4)",340,"Tom","McClintock"
"MI","10","R","F","M001150","20331",3,0.897847306053978,0.723025698243051,1.08667486276732,"Miller (R MI-10)",341,"Candice","Miller"
"KY","2","R","M","G000558","20916",5,0.907331312102719,0.723208042018602,1.09135778944753,"Guthrie (R KY-2)",342,"Brett","Guthrie"
"TX","31","R","M","C001051","20356",25,0.907781367145671,0.713153814296713,1.08121321159432,"Carter (R TX-31)",343,"John","Carter"
"PA","16","R","M","P000373","29752",9,0.907793136045098,0.738536113547108,1.09541554831103,"Pitts (R PA-16)",344,"Joe","Pitts"
"NC","9","R","M","P000606","21347",9,0.909075779713559,0.732110607770183,1.09167526727592,"Pittenger (R NC-9)",345,"Robert","Pittenger"
"PA","12","R","M","R000598","21357",4,0.909076520850595,0.719692237641658,1.08655865735072,"Rothfus (R PA-12)",346,"Keith","Rothfus"
"LA","6","R","M","G000577","",3,0.914729996082432,0.731814197460226,1.10370824027609,"Graves (R LA-6)",347,"Garret","Graves"
"FL","7","R","M","M000689","29331",3,0.916985224907055,0.727195987389578,1.11138045826486,"Mica (R FL-7)",348,"John","Mica"
"OK","5","R","M","R000604","",3,0.92036380396684,0.745440577036287,1.10862636587571,"Russell (R OK-5)",349,"Steve","Russell"
"FL","8","R","M","P000599","20909",5,0.923248355325,0.752165770690488,1.11883840659262,"Posey (R FL-8)",350,"Bill","Posey"
"VA","1","R","M","W000804","20756",3,0.923524686967059,0.743874542412139,1.10996788341516,"Wittman (R VA-1)",351,"Robert","Wittman"
"NC","5","R","F","F000450","20521",2,0.927777951282656,0.739148716808052,1.10883661998827,"Foxx (R NC-5)",352,"Virginia","Foxx"
"WI","1","R","M","R000570","29939",8,0.929210573254093,0.740500460096411,1.11252123247717,"Ryan (R WI-1)",353,"Paul","Ryan"
"TN","8","R","M","F000458","21181",36,0.930565035087655,0.727947180356431,1.12889290633269,"Fincher (R TN-8)",354,"Stephen","Fincher"
"VA","4","R","M","F000445","20143",11,0.932720040603357,0.758131650506702,1.1369540508732,"Forbes (R VA-4)",355,"J.","Forbes"
"GA","11","R","M","L000583","",5,0.934346099750748,0.745063484478837,1.13098441820307,"Loudermilk (R GA-11)",356,"Barry","Loudermilk"
"AZ","5","R","M","S000018","29500",2,0.934566724953128,0.736757905170163,1.11706341147481,"Salmon (R AZ-5)",357,"Matt","Salmon"
"FL","12","R","M","B001257","20758",6,0.9362648727593,0.751412904940116,1.12345739606973,"Bilirakis (R FL-12)",358,"Gus","Bilirakis"
"UT","3","R","M","C001076","20949",30,0.944463807464269,0.752842217300903,1.14002006116624,"Chaffetz (R UT-3)",359,"Jason","Chaffetz"
"TX","27","R","M","F000460","21184",10,0.945725684318265,0.754515946826804,1.14068851409942,"Farenthold (R TX-27)",360,"Blake","Farenthold"
"VA","5","R","M","H001060","21186",11,0.955222499654644,0.763431334392747,1.15790116074984,"Hurt (R VA-5)",361,"Robert","Hurt"
"NJ","5","R","M","G000548","20336",6,0.957698789608635,0.748248926196266,1.15014370125244,"Garrett (R NJ-5)",362,"Scott","Garrett"
"GA","7","R","M","W000810","21122",5,0.970090364333626,0.774957671097058,1.16820621928626,"Woodall (R GA-7)",363,"Rob","Woodall"
"AR","4","R","M","W000821","",3,0.972391397422056,0.769034134294158,1.16298091335519,"Westerman (R AR-4)",364,"Bruce","Westerman"
"SC","3","R","M","D000615","21174",23,0.972949714334881,0.776663567615225,1.16742730947478,"Duncan (R SC-3)",365,"Jeffrey","Duncan"
"NE","3","R","M","S001172","20729",4,0.987142771952282,0.79361077643747,1.20588649609153,"Smith (R NE-3)",366,"Adrian","Smith"
"IL","14","R","M","H001059","21129",8,0.988258376512727,0.781291154616399,1.1818970032202,"Hultgren (R IL-14)",367,"Randy","Hultgren"
"WI","7","R","M","D000614","21189",10,0.991147935102329,0.790762955953229,1.20988250180575,"Duffy (R WI-7)",368,"Sean","Duffy"
"NC","10","R","M","M001156","20522",2,0.992237027521581,0.798332791001404,1.19761981236046,"McHenry (R NC-10)",369,"Patrick","McHenry"
"MO","4","R","F","H001053","21149",4,0.992933442771113,0.789347896492038,1.19354226891486,"Hartzler (R MO-4)",370,"Vicky","Hartzler"
"KS","3","R","M","Y000063","21135",6,0.993833089223834,0.810957480521143,1.21163854977522,"Yoder (R KS-3)",371,"Kevin","Yoder"
"KS","2","R","F","J000290","20915",2,0.99920739799583,0.808729004241225,1.22435232640056,"Jenkins (R KS-2)",372,"Lynn","Jenkins"
"IN","2","R","F","W000813","21330",13,1.00421390855196,0.812783405873154,1.22115248876748,"Walorski (R IN-2)",373,"Jackie","Walorski"
"GA","3","R","M","W000796","20506",8,1.01484625042055,0.828400940843542,1.22488839123436,"Westmoreland (R GA-3)",374,"Lynn","Westmoreland"
"FL","19","R","M","C001102","",3,1.01557306309566,0.805313248967013,1.22138460249156,"Clawson (R FL-19)",375,"Curt","Clawson"
"OH","2","R","M","W000815","21351",4,1.01899602647789,0.814890497367925,1.23292375489132,"Wenstrup (R OH-2)",376,"Brad","Wenstrup"
"NC","6","R","M","W000819","",3,1.02521389982492,0.814028800925818,1.24267865418198,"Walker (R NC-6)",377,"Mark","Walker"
"VA","6","R","M","G000289","39308",4,1.02670096311428,0.804087703766068,1.24393555776036,"Goodlatte (R VA-6)",378,"Robert","Goodlatte"
"AZ","4","R","M","G000565","21103",31,1.03728478394272,0.837947925934213,1.27445024478563,"Gosar (R AZ-4)",379,"Paul","Gosar"
"IN","4","R","M","R000592","21131",12,1.04123993253327,0.814472981615981,1.25806566645475,"Rokita (R IN-4)",380,"Todd","Rokita"
"WI","6","R","M","G000576","",4,1.0414694219967,0.8260507516614,1.27437817156174,"Grothman (R WI-6)",381,"Glenn","Grothman"
"TX","8","R","M","B000755","29760",17,1.04231605068172,0.832833843972131,1.27862047322095,"Brady (R TX-8)",382,"Kevin","Brady"
"TX","1","R","M","G000552","20527",19,1.04591936091016,0.834860966206045,1.27511701412252,"Gohmert (R TX-1)",383,"Louie","Gohmert"
"MO","8","R","M","S001195","21373",9,1.04609741436674,0.812193932377214,1.28591139985825,"Smith (R MO-8)",384,"Jason","Smith"
"TX","25","R","M","W000816","21364",4,1.04956438962004,0.819863587742499,1.26393399432732,"Williams (R TX-25)",385,"Roger","Williams"
"CA","50","R","M","H001048","20963",5,1.05746584661674,0.842994623187196,1.2961649637275,"Hunter (R CA-50)",386,"Duncan","Hunter"
"TN","1","R","M","R000582","20947",101,1.06022609198523,0.789648917680149,1.32674161366068,"Roe (R TN-1)",387,"Phil","Roe"
"GA","6","R","M","P000591","20505",2,1.06693853054687,0.844076566032226,1.30765667946578,"Price (R GA-6)",388,"Tom","Price"
"CO","5","R","M","L000564","20704",9,1.06768753418152,0.849611823394906,1.29906415861199,"Lamborn (R CO-5)",389,"Doug","Lamborn"
"IN","6","R","M","M001189","21332",5,1.06937229031306,0.857848684506917,1.32350473510678,"Messer (R IN-6)",390,"Luke","Messer"
"MI","7","R","M","W000798","20725",6,1.07595044171108,0.827805301507369,1.29387800521081,"Walberg (R MI-7)",391,"Tim","Walberg"
"GA","12","R","M","A000372","",4,1.07624007627245,0.843621426920407,1.31122516392653,"Allen (R GA-12)",392,"Rick","Allen"
"LA","4","R","M","F000456","20918",5,1.07746259817066,0.865535442223635,1.3136238178887,"Fleming (R LA-4)",393,"John","Fleming"
"TN","4","R","M","D000616","21179",18,1.08217254426221,0.831632550287765,1.31567032080785,"DesJarlais (R TN-4)",394,"Scott","DesJarlais"
"TX","11","R","M","C001062","20531",2,1.10118351290828,0.851901319564281,1.34086084356871,"Conaway (R TX-11)",395,"K.","Conaway"
"AL","1","R","M","B001289","",9,1.10295327470029,0.852321847358129,1.34945176021757,"Byrne (R AL-1)",396,"Bradley","Byrne"
"FL","6","R","M","D000621","21318",3,1.10369389048618,0.85090261245209,1.34901791101577,"DeSantis (R FL-6)",397,"Ron","DeSantis"
"GA","8","R","M","S001189","21123",20,1.1096947842411,0.890988972437832,1.35930970437371,"Scott (R GA-8)",398,"Austin","Scott"
"CA","1","R","M","L000578","21302",5,1.11231265077484,0.871506366727804,1.36214764631717,"LaMalfa (R CA-1)",399,"Doug","LaMalfa"
"MD","1","R","M","H001052","21139",5,1.11998392726995,0.876686548054543,1.3717431409566,"Harris (R MD-1)",400,"Andy","Harris"
"GA","14","R","M","G000560","20962",4,1.12184274134287,0.869343504334378,1.34896046505579,"Graves (R GA-14)",401,"Tom","Graves"
"AZ","8","R","M","F000448","20304",5,1.1389649768473,0.900277406620682,1.40229968275406,"Franks (R AZ-8)",402,"Trent","Franks"
"TX","26","R","M","B001248","20355",3,1.14362620482293,0.879270832291544,1.40395701588218,"Burgess (R TX-26)",403,"Michael","Burgess"
"OH","4","R","M","J000289","20738",9,1.14512233687186,0.890118613297077,1.41815837403827,"Jordan (R OH-4)",404,"Jim","Jordan"
"TX","22","R","M","O000168","20948",15,1.15145359113186,0.893195141061373,1.42407148969191,"Olson (R TX-22)",405,"Pete","Olson"
"MI","2","R","M","H001058","21142",6,1.16144107160228,0.913713287215665,1.42671087709967,"Huizenga (R MI-2)",406,"Bill","Huizenga"
"TX","2","R","M","P000592","20528",9,1.17001731801475,0.936450923053574,1.46764712099084,"Poe (R TX-2)",407,"Ted","Poe"
"NC","11","R","M","M001187","21348",7,1.17816695512985,0.908433259003644,1.47067420734441,"Meadows (R NC-11)",408,"Mark","Meadows"
"SC","4","R","M","G000566","21175",8,1.18273532225328,0.917132764037041,1.45787929725469,"Gowdy (R SC-4)",409,"Trey","Gowdy"
"GA","9","R","M","C001093","21323",10,1.18912854092906,0.944013523722168,1.48951032422471,"Collins (R GA-9)",410,"Doug","Collins"
"TX","17","R","M","F000461","21182",6,1.1991173034177,0.938653168104253,1.51102950574148,"Flores (R TX-17)",411,"Bill","Flores"
"NC","7","R","M","R000603","",4,1.2179526734192,0.938823724143717,1.488865887805,"Rouzer (R NC-7)",412,"David","Rouzer"
"FL","1","R","M","M001144","20110",5,1.22295506910932,0.951133468306629,1.56292151786291,"Miller (R FL-1)",413,"Jeff","Miller"
"MO","7","R","M","L000576","21150",38,1.22315134523866,0.908835895721618,1.54727610625694,"Long (R MO-7)",414,"Billy","Long"
"KS","4","R","M","P000602","21136",8,1.22316841781338,0.944668709396267,1.52038964511205,"Pompeo (R KS-4)",415,"Mike","Pompeo"
"TX","36","R","M","B001291","",6,1.26823508060656,0.962267882329818,1.54814773205467,"Babin (R TX-36)",416,"Brian","Babin"
"VA","7","R","M","B001290","",4,1.27150562647159,0.980870501230454,1.59014922671483,"Brat (R VA-7)",417,"David","Brat"
"IN","3","R","M","S001188","21100",6,1.27736942969495,0.993373628175156,1.660358713624,"Stutzman (R IN-3)",418,"Marlin","Stutzman"
"TX","14","R","M","W000814","21360",3,1.30932494819917,0.97505821899028,1.62678935881223,"Weber (R TX-14)",419,"Randy","Weber"
"SC","2","R","M","W000795","20138",12,1.32917738559405,0.988076934962546,1.69053900406931,"Wilson (R SC-2)",420,"Joe","Wilson"
"OK","1","R","M","B001283","21354",5,1.34057631302598,1.04216032133153,1.72346590692371,"Bridenstine (R OK-1)",421,"Jim","Bridenstine"
"OH","1","R","M","C000266","29550",2,1.34751603411555,1.01281409961725,1.68898945749356,"Chabot (R OH-1)",422,"Steven","Chabot"
"TX","3","R","M","J000174","29143",14,1.37161070887972,1.00596663778329,1.73960961901097,"Johnson (R TX-3)",423,"Sam","Johnson"
"GA","10","R","M","H001071","",6,1.37692661702315,1.03559975883183,1.75175850443625,"Hice (R GA-10)",424,"Jody","Hice"
"TX","32","R","M","S000250","29759",3,1.39754881680753,1.01430159699142,1.79571617388443,"Sessions (R TX-32)",425,"Pete","Sessions"
"TX","24","R","M","M001158","20532",15,1.40780668617046,1.00282249772383,1.7758292032959,"Marchant (R TX-24)",426,"Kenny","Marchant"
"TN","6","R","F","B001273","21180",14,1.41186150180471,1.02396892570972,1.81295294152044,"Black (R TN-6)",427,"Diane","Black"
"TN","7","R","F","B001243","20351",15,1.41560495546808,1.04500244846562,1.80816306399276,"Blackburn (R TN-7)",428,"Marsha","Blackburn"
"NC","13","R","M","H001065","21349",6,1.41560804585971,1.06285623039073,1.79911459235864,"Holding (R NC-13)",429,"George","Holding"
"TX","5","R","M","H001036","20352",2,1.44671699210085,1.04559556632887,1.89235263808652,"Hensarling (R TX-5)",430,"Jeb","Hensarling"
"GA","1","R","M","C001103","",4,1.46886407438229,1.05202548562221,1.86525266277101,"Carter (R GA-1)",431,"Buddy","Carter"
"NC","8","R","M","H001067","21346",15,1.48792677115714,1.11171288023392,1.91937948146999,"Hudson (R NC-8)",432,"Richard","Hudson"
"TX","19","R","M","N000182","20353",4,1.52210121952697,1.11564372874401,1.91236203662569,"Neugebauer (R TX-19)",433,"Randy","Neugebauer"
"TX","4","R","M","R000601","",2,1.74419577664193,1.20038702168116,2.3158823343212,"Ratcliffe (R TX-4)",434,"John","Ratcliffe"
"AL","6","R","M","P000609","",3,1.75166300453955,1.22819850294995,2.25601602462527,"Palmer (R AL-6)",435,"Gary","Palmer"
